{
    "coverage.json": {
        "det_real_label": 100,
        "det_fake_label": 100,
        "det_tp": 96,
        "det_fp": 97,
        "det_fn": 4,
        "det_tn": 3,
        "det_accuracy": 0.495,
        "det_precision": 0.49740932642487046,
        "det_recall": 0.96,
        "det_f1": 0.6552901023890785,
        "seg_acc": 0.9435453939437867,
        "seg_precision": 0.9437425036591673,
        "seg_recall": 0.9997942271067959,
        "seg_f1_binary": 0.9695470287678686,
        "seg_iou": 0.9435428850886496,
        "seg_f1_macro": 0.7331563475449786,
        "seg_f1_micro": 0.9435453939437867
    },
    "IMD2020.json": {
        "det_real_label": 414,
        "det_fake_label": 2009,
        "det_tp": 1864,
        "det_fp": 290,
        "det_fn": 145,
        "det_tn": 124,
        "det_accuracy": 0.8204704911267025,
        "det_precision": 0.8653667595171773,
        "det_recall": 0.9278247884519661,
        "det_f1": 0.8955080470814316,
        "seg_acc": 0.9368322756582678,
        "seg_precision": 0.937363099216554,
        "seg_recall": 0.9993643547000676,
        "seg_f1_binary": 0.9652294961848542,
        "seg_iou": 0.9367837449529846,
        "seg_f1_macro": 0.5590602309578101,
        "seg_f1_micro": 0.9368322756582678
    },
    "columbia.json": {
        "det_real_label": 183,
        "det_fake_label": 180,
        "det_tp": 179,
        "det_fp": 170,
        "det_fn": 1,
        "det_tn": 13,
        "det_accuracy": 0.5289256198347108,
        "det_precision": 0.5128939828080229,
        "det_recall": 0.9944444444444445,
        "det_f1": 0.6767485822306238,
        "seg_acc": 0.8650810120847928,
        "seg_precision": 0.8693248096877141,
        "seg_recall": 0.9957499419495666,
        "seg_f1_binary": 0.9200610352778371,
        "seg_iou": 0.8650810120847928,
        "seg_f1_macro": 0.6886806553799654,
        "seg_f1_micro": 0.8650810120847928
    },
    "MagicBrush.json": {
        "det_real_label": 535,
        "det_fake_label": 535,
        "det_tp": 508,
        "det_fp": 460,
        "det_fn": 27,
        "det_tn": 75,
        "det_accuracy": 0.5448598130841121,
        "det_precision": 0.5247933884297521,
        "det_recall": 0.9495327102803738,
        "det_f1": 0.675981370592149,
        "seg_acc": 0.9250139976216254,
        "seg_precision": 0.9258119538509669,
        "seg_recall": 0.9991002121897373,
        "seg_f1_binary": 0.956085466215473,
        "seg_iou": 0.9250082610312539,
        "seg_f1_macro": 0.7016217206353059,
        "seg_f1_micro": 0.9250139976216254
    },
    "smartEdit.json": {
        "det_real_label": 274,
        "det_fake_label": 472,
        "det_tp": 461,
        "det_fp": 232,
        "det_fn": 11,
        "det_tn": 42,
        "det_accuracy": 0.6742627345844504,
        "det_precision": 0.6652236652236653,
        "det_recall": 0.9766949152542372,
        "det_f1": 0.7914163090128755,
        "seg_acc": 0.9121977982508274,
        "seg_precision": 0.9127078733144793,
        "seg_recall": 0.9993383977802812,
        "seg_f1_binary": 0.9512647683191283,
        "seg_iou": 0.9121793710791193,
        "seg_f1_macro": 0.6342497372422842,
        "seg_f1_micro": 0.9121977982508274
    },
    "NIST16.json": {
        "det_real_label": 0,
        "det_fake_label": 564,
        "det_tp": 522,
        "det_fp": 0,
        "det_fn": 42,
        "det_tn": 0,
        "det_accuracy": 0.925531914893617,
        "det_precision": 1.0,
        "det_recall": 0.925531914893617,
        "det_f1": 0.9613259668508287,
        "seg_acc": 0.9205480247524613,
        "seg_precision": 0.9272911545196314,
        "seg_recall": 0.9900418731769847,
        "seg_f1_binary": 0.9512359679619637,
        "seg_iou": 0.9191939438221963,
        "seg_f1_macro": 0.4811316442511496,
        "seg_f1_micro": 0.9205480247524613
    },
    "SIDA-TEMP.json": {
        "det_real_label": 10000,
        "det_fake_label": 10000,
        "det_tp": 8543,
        "det_fp": 8141,
        "det_fn": 1457,
        "det_tn": 1859,
        "det_accuracy": 0.5201,
        "det_precision": 0.5120474706305442,
        "det_recall": 0.8543,
        "det_f1": 0.6403087992804677,
        "seg_acc": 0.9298209274291992,
        "seg_precision": 0.930394060736231,
        "seg_recall": 0.9993729385386083,
        "seg_f1_binary": 0.9580526699591515,
        "seg_iou": 0.9298079672712666,
        "seg_f1_macro": 0.7109266471789397,
        "seg_f1_micro": 0.9298209274291992
    }
}